Universidad,Facultad,Dirección
Facultad Latinoamericana de Ciencias Sociales,Facultad Latinoamericana de Ciencias Sociales,Dirección: Ayacucho 555 - Ciudad Autonoma de Buenos Aires - Ciudad Autonoma de Buenos Aires 
Instituto Tecnológico de Buenos Aires,Departamento de Petróleo,Dirección: Av.Eduardo Madero 399 - Ciudad Autonoma de Buenos Aires - Ciudad Autonoma de Buenos Aires 
Instituto Tecnológico de Buenos Aires,Departamento de Posgrado,Dirección: 25 de mayo 444 - Ciudad Autonoma de Buenos Aires - Ciudad Autonoma de Buenos Aires 
Instituto Tecnológico de Buenos Aires,BIOINGENIERIA,Dirección: Av.Eduardo Madero 399 - Ciudad Autonoma de Buenos Aires - Ciudad Autonoma de Buenos Aires 
Instituto Tecnológico de Buenos Aires,Departamento de Administración y Sistemas,Dirección: Av.Eduardo Madero 399 - Ciudad Autonoma de Buenos Aires - Ciudad Autonoma de Buenos Aires 
Instituto Tecnológico de Buenos Aires,Departamento de Electrónica,Dirección: Av.Eduardo Madero 399 - Ciudad Autonoma de Buenos Aires - Ciudad Autonoma de Buenos Aires 
Instituto Tecnológico de Buenos Aires,Departamento de Industrial,Dirección: Av.Eduardo Madero 399 - Ciudad Autonoma de Buenos Aires - Ciudad Autonoma de Buenos Aires 
Instituto Tecnológico de Buenos Aires,Departamento de Informática,Dirección: Av.Eduardo Madero 399 - Ciudad Autonoma de Buenos Aires - Ciudad Autonoma de Buenos Aires 
Instituto Tecnológico de Buenos Aires,Departamento de Ingeniería Eléctrica,Dirección: Av.Eduardo Madero 399 - Ciudad Autonoma de Buenos Aires - Ciudad Autonoma de Buenos Aires 
Instituto Tecnológico de Buenos Aires,Departamento de Mecánica Naval,Dirección: Av.Eduardo Madero 399 - Ciudad Autonoma de Buenos Aires - Ciudad Autonoma de Buenos Aires 
Instituto Tecnológico de Buenos Aires,Departamento de Química,Dirección: Av.Eduardo Madero 399 - Ciudad Autonoma de Buenos Aires - Ciudad Autonoma de Buenos Aires 
Instituto Universitario Aeronáutico,Instituto de Inteligencia de las Fuerzas Armadas,Dirección: Cabildo 381 - Ciudad Autonoma de Buenos Aires - Ciudad Autonoma de Buenos Aires 
Instituto Universitario Aeronáutico,Instituto Nacional de Derecho Aeronáutico y Espacial,Dirección: Viamonte 153 - Ciudad Autonoma de Buenos Aires - Ciudad Autonoma de Buenos Aires 
Instituto Universitario CEMIC,Unidad Académica Escuela de Medicina,Dirección: Av. E. Galván 4102 - Ciudad Autonoma de Buenos Aires - Ciudad Autonoma de Buenos Aires 
Instituto Universitario CEMIC,Unidad Académica Instituto de Investigaciones,Dirección: Av. E. Galván 4102 - Ciudad Autonoma de Buenos Aires - Ciudad Autonoma de Buenos Aires 
Instituto Universitario de Ciencias de la Salud de la Fundación Barceló,Facultad de Medicina,Dirección: Las Heras 2191 - Ciudad Autonoma de Buenos Aires - Ciudad Autonoma de Buenos Aires 
Instituto Universitario de Gendarmería Nacional,Unidad Académica de Grado y Posgrado Escuela Superior Gral. de Brig. Manuel María Calderón,Dirección: Av. Paseo Colón 533 - Ciudad Autonoma de Buenos Aires - Ciudad Autonoma de Buenos Aires 
Instituto Universitario de Gendarmería Nacional,"Unidad Académica de Pregrado Escuela de Suboficiales de Gendarmería ""Cabo Raúl Remberto Cuello""",Dirección: Av. Paseo Colón 533 - Ciudad Autonoma de Buenos Aires - Ciudad Autonoma de Buenos Aires 
Instituto Universitario de Gendarmería Nacional,Unidad Académica General Don Martín Miguel de Güemes,Dirección: Av. Paseo Colón 533 - Ciudad Autonoma de Buenos Aires - Ciudad Autonoma de Buenos Aires 
Instituto Universitario de la Policía Federal Argentina,Escuela de Cadetes Comisario General Juan Ángel Pirker,Dirección: Corvalan 3698 - Ciudad Autonoma de Buenos Aires - Ciudad Autonoma de Buenos Aires 
Instituto Universitario de la Policía Federal Argentina,Unidad Académica de Formación de Grado,Dirección: Av. Paseo Colón 533 - Ciudad Autonoma de Buenos Aires - Ciudad Autonoma de Buenos Aires 
Instituto Universitario de Salud Mental de la Asociación Psicoanalítica de Buenos Aires,Área Cultura,Dirección: Maure 1850 - Ciudad Autonoma de Buenos Aires - Ciudad Autonoma de Buenos Aires 
Instituto Universitario de Salud Mental de la Asociación Psicoanalítica de Buenos Aires,Área Psicoanálisis,Dirección: Maure 1850 - Ciudad Autonoma de Buenos Aires - Ciudad Autonoma de Buenos Aires 
Instituto Universitario de Salud Mental de la Asociación Psicoanalítica de Buenos Aires,Área Psicopatología,Dirección: Maure 1850 - Ciudad Autonoma de Buenos Aires - Ciudad Autonoma de Buenos Aires 
Instituto Universitario de Seguridad Marítima,Departamento Académico Escuela de Oficiales,Dirección: Cro. Gral. Belgrano 302 - Zarate - Buenos Aires 
Instituto Universitario de Seguridad Marítima,Departamento Académico Escuela de Suboficiales,Dirección: Cro. Gral. Belgrano 302 - Zarate - Buenos Aires 
Instituto Universitario de Seguridad Marítima,"Instituto de Formación, Capacitación, Perfeccionamiento y Actualización Docente",Dirección: Cro. Gral. Belgrano 302 - Zarate - Buenos Aires 
"Instituto Universitario del Ejército ""Mayor Francisco Romero""",Unidad Académica Escuela Superior de Guerra,Dirección: Av Luis María Campos 480 - Ciudad Autonoma de Buenos Aires - Ciudad Autonoma de Buenos Aires 
"Instituto Universitario del Ejército ""Mayor Francisco Romero""",Unidad Académica Colegio Militar de la Nación,Dirección: Av Cabildo 65 - Ciudad Autonoma de Buenos Aires - Ciudad Autonoma de Buenos Aires 
"Instituto Universitario del Ejército ""Mayor Francisco Romero""",Unidad Académica Escuela Superior Técnica,Dirección: Av Cabildo 65 - Ciudad Autonoma de Buenos Aires - Ciudad Autonoma de Buenos Aires 
Instituto Universitario Escuela Argentina de Negocios,Unidad Académica Provincia de Buenos Aires - Sede Martínez,Dirección: Av. Santa Fe 2162 - Martinez - Buenos Aires 
Instituto Universitario Escuela Argentina de Negocios,Unidad Académica Capital Federal - Sede Central,Dirección: Av. Cordoba 1690 - Ciudad Autonoma de Buenos Aires - Ciudad Autonoma de Buenos Aires 
Instituto Universitario Escuela de Medicina del Hospital Italiano,Instituto Universitario Escuela de Medicina del Hospital Italiano - UA,Dirección: Potosi 4240 - Ciudad Autonoma de Buenos Aires - Ciudad Autonoma de Buenos Aires 
Instituto Universitario Escuela Superior de Economía y Administración de Empresas,Sede Central,Dirección: Uriarte 2472 - Ciudad Autonoma de Buenos Aires - Ciudad Autonoma de Buenos Aires 
"Instituto Universitario Nacional de Derechos Humanos ""Madres de Plaza de Mayo""",Departamento de Humanidades,Dirección: 25 Mayo 544 - Ciudad Autonoma de Buenos Aires - Ciudad Autonoma de Buenos Aires 
"Instituto Universitario Nacional de Derechos Humanos ""Madres de Plaza de Mayo""",Departamento de Ciencias Sociales,Dirección: 25 Mayo 544 - Ciudad Autonoma de Buenos Aires - Ciudad Autonoma de Buenos Aires 
Instituto Universitario Nacional del Arte,Carreras de Formación Docente,Dirección: Bolívar 1674 - Ciudad Autonoma de Buenos Aires - Ciudad Autonoma de Buenos Aires 
Instituto Universitario Nacional del Arte,Departamento de Artes Musicales y Sonoras Carlos Lopez Buchardo,Dirección: Avda Cordoba 2445 - Ciudad Autonoma de Buenos Aires - Ciudad Autonoma de Buenos Aires 
Instituto Universitario Nacional del Arte,Area Transdepartamental de Crítica del Arte,Dirección: Bartolomé Mitre 1869. C1039AAA. Ciudad Autónoma de Buenos Aires
Instituto Universitario Nacional del Arte,Carreras de Folklore,Dirección: Sánchez de Loria 443. C1173ACI. Ciudad Autónoma de Buenos Aires
Instituto Universitario Nacional del Arte,Departamento de Artes Audiovisuales,Dirección: Rocamora 4141. C1184ABC Ciudad Autónoma de Buenos Aires
Instituto Universitario Nacional del Arte,Departamento de Artes del Movimiento Maria Ruanova,Dirección: Sánchez de Loria 443. C1173ACI. Ciudad Autónoma de Buenos Aires
Instituto Universitario Nacional del Arte,Departamento de Artes Dramáticas Antonio Cunill Cabanellas,Dirección: French 3614 (C1425AXD) Ciudad Autónoma de Buenos Aires
Instituto Universitario Nacional del Arte,Departamento de Artes Visuales Prilidiano Pueyrredón,Dirección: Av. General Las Heras 1749. C1018AAB. Ciudad Autónoma de Buenos Aires
Instituto Universitario Nacional del Arte,Rectorado,Dirección: Azcuénaga 1129. Ciudad Autónoma de Buenos Aires
Instituto Universitario Naval,Unidad Académica Escuela de Ciencias del Mar,Dirección: Av. Antartida Argentina 1201 - Ciudad Autonoma de Buenos Aires - Ciudad Autonoma de Buenos Aires 
Instituto Universitario Naval,Unidad Académica Escuela Nacional de Nautica,Dirección: Antartida Argentina 1535 - Ciudad Autonoma de Buenos Aires - Ciudad Autonoma de Buenos Aires 
Instituto Universitario Naval,Unidad Académica Escuela Naval Militar,
Instituto Universitario River Plate,Departamento de Economia y Administracion del Deporte,Dirección: Figueroa Alcorta 7597 - Ciudad Autonoma de Buenos Aires - Ciudad Autonoma de Buenos Aires 
Instituto Universitario River Plate,Departamento de Educacion y Deporte,Dirección: Figueroa Alcorta 7597 - Ciudad Autonoma de Buenos Aires - Ciudad Autonoma de Buenos Aires 
Pontificia Universidad Católica Argentina Santa María de los Buenos Aires,Facultad de Teología,Dirección: Concordia 4422 - Ciudad Autonoma de Buenos Aires - Ciudad Autonoma de Buenos Aires 
Pontificia Universidad Católica Argentina Santa María de los Buenos Aires,Facultad de Artes y Ciencias Musicales,Dirección: Av. Alicia Moreau de Justo 1500 - Ciudad Autonoma de Buenos Aires - Ciudad Autonoma de Buenos Aires 
Pontificia Universidad Católica Argentina Santa María de los Buenos Aires,Facultad de Ciencias Médicas,Dirección: Av. Alicia Moreau de Justo 1600 - Ciudad Autonoma de Buenos Aires - Ciudad Autonoma de Buenos Aires 
Pontificia Universidad Católica Argentina Santa María de los Buenos Aires,Facultad de Ciencias Sociales,Dirección: Av. Alicia Moreau de Justo 1500 - Ciudad Autonoma de Buenos Aires - Ciudad Autonoma de Buenos Aires 
Pontificia Universidad Católica Argentina Santa María de los Buenos Aires,Facultad de Derecho,Dirección: Av. Alicia Moreau de Justo 1400 - Ciudad Autonoma de Buenos Aires - Ciudad Autonoma de Buenos Aires 
Pontificia Universidad Católica Argentina Santa María de los Buenos Aires,Facultad de Psicología y Psicopedagogía,Dirección: Av. Alicia Moreau de Justo 1500 - Ciudad Autonoma de Buenos Aires - Ciudad Autonoma de Buenos Aires 
Pontificia Universidad Católica Argentina Santa María de los Buenos Aires,Facultad de Ciencias Económicas,Dirección: Alicia Moreau de Justo 1400 - Ciudad Autonoma de Buenos Aires - Ciudad Autonoma de Buenos Aires 
Pontificia Universidad Católica Argentina Santa María de los Buenos Aires,Facultad de Filosofía y Letras,Dirección: Av.Alicia Moreau de 1500 - Ciudad Autonoma de Buenos Aires - Ciudad Autonoma de Buenos Aires 
Pontificia Universidad Católica Argentina Santa María de los Buenos Aires,Centro Regional Pergamino,"Dirección: Pasteur 68, Pergamino, Pcia de Buenos Aires, Argentina"
Pontificia Universidad Católica Argentina Santa María de los Buenos Aires,Facultad de Derecho Canónico,Dirección: Av. Alicia Moreau de Justo 1600 - Ciudad Autonoma de Buenos Aires - Ciudad Autonoma de Buenos Aires 
Universidad Abierta Interamericana,Facultad de Ciencias de la Comunicación,Dirección: San Juan 951 - Ciudad Autonoma de Buenos Aires - Ciudad Autonoma de Buenos Aires 
Universidad Abierta Interamericana,Facultad de Ciencias Empresariales,Dirección: San Juan 951 - Ciudad Autonoma de Buenos Aires - Ciudad Autonoma de Buenos Aires 
Universidad Abierta Interamericana,Facultad de Desarrollo e Investigación Educativos,Dirección: San Juan 951 - Ciudad Autonoma de Buenos Aires - Ciudad Autonoma de Buenos Aires 
Universidad Abierta Interamericana,Facultad de Medicina y Ciencias de la Salud,Dirección: San Juan 951 - Ciudad Autonoma de Buenos Aires - Ciudad Autonoma de Buenos Aires 
Universidad Abierta Interamericana,Facultad de Psicología y Relaciones Humanas,Dirección: San Juan 951 - Ciudad Autonoma de Buenos Aires - Ciudad Autonoma de Buenos Aires 
Universidad Abierta Interamericana,Facultad de Motricidad Humana y Deportes,Dirección: San Juan 951 - Ciudad Autonoma de Buenos Aires - Ciudad Autonoma de Buenos Aires 
Universidad Abierta Interamericana,Facultad de Arquitectura.,Dirección: San Juan 951 - Ciudad Autonoma de Buenos Aires - Ciudad Autonoma de Buenos Aires 
Universidad Abierta Interamericana,Facultad de Derecho y Ciencias Políticas,Dirección: San Juan 951 - Ciudad Autonoma de Buenos Aires - Ciudad Autonoma de Buenos Aires 
Universidad Abierta Interamericana,Facultad de Tecnología Informática,Dirección: San Juan 951 - Ciudad Autonoma de Buenos Aires - Ciudad Autonoma de Buenos Aires 
Universidad Abierta Interamericana,Facultad de Turismo y Hospitalidad,Dirección: San Juan 951 - Ciudad Autonoma de Buenos Aires - Ciudad Autonoma de Buenos Aires 
Universidad Argentina de la Empresa,Escuela de Dirección de Empresas,Dirección: Libertad 1340 - Ciudad Autonoma de Buenos Aires - Ciudad Autonoma de Buenos Aires 
Universidad Argentina de la Empresa,Facultad de Ciencias Económicas,Dirección: Lima 717 - Ciudad Autonoma de Buenos Aires - Ciudad Autonoma de Buenos Aires 
Universidad Argentina de la Empresa,Facultad de Administración y Negocios,Dirección: Lima 717 - Ciudad Autonoma de Buenos Aires - Ciudad Autonoma de Buenos Aires 
Universidad Argentina de la Empresa,Facultad de Arquitectura y Diseño,Dirección: Lima 717 - Ciudad Autonoma de Buenos Aires - Ciudad Autonoma de Buenos Aires 
Universidad Argentina de la Empresa,Facultad de Ciencias Jurídicas y Sociales,Dirección: Lima 717 - Ciudad Autonoma de Buenos Aires - Ciudad Autonoma de Buenos Aires 
Universidad Argentina de la Empresa,Facultad de Comunicación,Dirección: Lima 717 - Ciudad Autonoma de Buenos Aires - Ciudad Autonoma de Buenos Aires 
Universidad Argentina de la Empresa,Facultad de Comunicación y Diseño,Dirección: Lima 717 - Ciudad Autonoma de Buenos Aires - Ciudad Autonoma de Buenos Aires 
Universidad Argentina de la Empresa,Facultad de Ingeniería y Ciencias Exactas,Dirección: Lima 717 - Ciudad Autonoma de Buenos Aires - Ciudad Autonoma de Buenos Aires 
Universidad Argentina John F. Kennedy,Escuela de Sistemas,Dirección: Bartolomé Mitre 1411 - Ciudad Autonoma de Buenos Aires - Ciudad Autonoma de Buenos Aires 
Universidad Argentina John F. Kennedy,Facultad de Ciencias de la Salud,Dirección: Bartolomé Mitre 1411 - Ciudad Autonoma de Buenos Aires - Ciudad Autonoma de Buenos Aires 
Universidad Argentina John F. Kennedy,Facultad de Ciencias Económicas y Empresariales,Dirección: Bartolomé Mitre 1411 - Ciudad Autonoma de Buenos Aires - Ciudad Autonoma de Buenos Aires 
Universidad Argentina John F. Kennedy,Facultad de Ciencias Psicológicas,Dirección: Bartolomé Mitre 1411 - Ciudad Autonoma de Buenos Aires - Ciudad Autonoma de Buenos Aires 
Universidad Argentina John F. Kennedy,"Facultad de Ciencias Sociales, Jurídicas y Humanas",Dirección: Bartolomé Mitre 1411 - Ciudad Autonoma de Buenos Aires - Ciudad Autonoma de Buenos Aires 
Universidad Argentina John F. Kennedy,Escuela de Arquitectura,Dirección: Bartolomé Mitre 1411 - Ciudad Autonoma de Buenos Aires - Ciudad Autonoma de Buenos Aires 
Universidad Austral,Facultad de Ciencias Biomédicas,Dirección: Juan Domingo Perón 1500 -ex - Pilar - Buenos Aires 
Universidad Austral,Facultad de Ingeniería,Dirección: Mariano Acosta 1901 - Ciudad Autonoma de Buenos Aires - Ciudad Autonoma de Buenos Aires 
Universidad Austral,Escuela de Educación,Dirección: Cerrito 1250 - Ciudad Autonoma de Buenos Aires - Ciudad Autonoma de Buenos Aires 
Universidad Austral,Facultad de Comunicación,Dirección: Cerrito 1250 - Ciudad Autonoma de Buenos Aires - Ciudad Autonoma de Buenos Aires 
Universidad Austral,Facultad de Derecho,Dirección: Cerrito 1250 - Ciudad Autonoma de Buenos Aires - Ciudad Autonoma de Buenos Aires 
Universidad Austral,Instituto de Ciencias para la Familia,Dirección: Mariano Acosta 1611 - Ciudad Autonoma de Buenos Aires - Ciudad Autonoma de Buenos Aires 
Universidad Austral,Facultad de Ciencias Empresariales,Dirección: Cerrito 1250 - Ciudad Autonoma de Buenos Aires - Ciudad Autonoma de Buenos Aires 
Universidad Austral,Escuela de Dirección y Negocios,Dirección: Cerrito 1250 - Ciudad Autonoma de Buenos Aires - Ciudad Autonoma de Buenos Aires 
Universidad CAECE,Departamento de Humanidades y Ciencias Sociales,Dirección: Av. de Mayo 866 - Ciudad Autonoma de Buenos Aires - Ciudad Autonoma de Buenos Aires 
Universidad CAECE,Departamento de Psicología y Ciencias Pedagógicas,Dirección: Junín 516 - Ciudad Autonoma de Buenos Aires - Ciudad Autonoma de Buenos Aires 
Universidad CAECE,Departamento de Sistemas,Dirección: Av. de Mayo 866 - Ciudad Autonoma de Buenos Aires - Ciudad Autonoma de Buenos Aires 
Universidad CAECE,Departamento de Administración y Ciencias Sociales,Dirección: Av. de Mayo 866 - Ciudad Autonoma de Buenos Aires - Ciudad Autonoma de Buenos Aires 
Universidad CAECE,Departamento de Ciencias Biológicas,Dirección: Junín 516 - Ciudad Autonoma de Buenos Aires - Ciudad Autonoma de Buenos Aires 
Universidad CAECE,Departamento de Matemáticas,Dirección: Av. de Mayo 866 - Ciudad Autonoma de Buenos Aires - Ciudad Autonoma de Buenos Aires 
Universidad Católica de La Plata,Facultad de Derecho y Ciencias Políticas,Dirección: 57 936 - La Plata - Buenos Aires 
Universidad Católica de La Plata,Unidad Académica Bernal - Facultad de Arquitectura y Diseño,Dirección: 25 de Mayo 51 - Bernal - Buenos Aires 
Universidad Católica de La Plata,Unidad Académica Bernal - Facultad de Ciencias Económicas y Sociales,Dirección: 25 de Mayo 51 - Bernal - Buenos Aires 
Universidad Católica de La Plata,Unidad Académica Bernal - Facultad de Derecho y Ciencias Políticas,Dirección: 25 de Mayo 51 - Bernal - Buenos Aires 
Universidad Católica de La Plata,Facultad de Arquitectura y Diseño,Dirección: 50 818 - La Plata - Buenos Aires 
Universidad Católica de La Plata,Facultad de Ciencias de la Salud,Dirección: 44 e/ 9 y 10 720 - La Plata - Buenos Aires 
Universidad Católica de La Plata,Facultad de Ciencias Económicas y Sociales,"Direccion: Av. 25 47, B1900 La Plata – Buenos Aires"
Universidad Católica de La Plata,Facultad de Ciencias Exáctas e Ingeniería,Dirección: Diagonal 73 2137 - La Plata - Buenos Aires 
Universidad Católica de La Plata,Facultad de Humanidades,Dirección: 11 e/ 51 y 53 972 - La Plata - Buenos Aires 
Universidad Católica de La Plata,Facultad de Odontología,"Dirección: Av. 13 680, X5018ADN La Plata – Buenos Aires"
Universidad Católica de Santiago del Estero,Departamento Académico Buenos Aires,Dirección: Corrientes 180 - Olivos - Buenos Aires 
Universidad de Belgrano,Facultad de Arquitectura y Urbanismo,Dirección: Zabala 1837 - Ciudad Autonoma de Buenos Aires - Ciudad Autonoma de Buenos Aires 
Universidad de Belgrano,Facultad de Humanidades,Dirección: Zabala 1837 - Ciudad Autonoma de Buenos Aires - Ciudad Autonoma de Buenos Aires 
Universidad de Belgrano,Facultad de Ciencias de la Salud,Dirección: Villanueva 1324 - Ciudad Autonoma de Buenos Aires - Ciudad Autonoma de Buenos Aires 
Universidad de Belgrano,Facultad de Ciencias Exactas y Naturales,Dirección: Villanueva 1324 - Ciudad Autonoma de Buenos Aires - Ciudad Autonoma de Buenos Aires 
Universidad de Belgrano,Facultad de Ciencias Económicas,Dirección: Zabala 1837 - Ciudad Autonoma de Buenos Aires - Ciudad Autonoma de Buenos Aires 
Universidad de Belgrano,Facultad de Derecho y Ciencias Sociales,Dirección: Zabala 1837 - Ciudad Autonoma de Buenos Aires - Ciudad Autonoma de Buenos Aires 
Universidad de Belgrano,Facultad de Ciencias Agrarias,Dirección: Federico Lacroze 1955 - Ciudad Autonoma de Buenos Aires - Ciudad Autonoma de Buenos Aires 
Universidad de Belgrano,Facultad de Estudios para Graduados,Dirección: Lavalle 485 - Ciudad Autonoma de Buenos Aires - Ciudad Autonoma de Buenos Aires 
Universidad de Belgrano,Facultad de Humanidades - Escuela de Lenguas y Estudios Extranjeros,Dirección: Zabala 1837 - Ciudad Autonoma de Buenos Aires - Ciudad Autonoma de Buenos Aires 
Universidad de Belgrano,Facultad de Ingeniería Y Tecnología Informática,Dirección: Federico Lacroze 1955 - Ciudad Autonoma de Buenos Aires - Ciudad Autonoma de Buenos Aires 
Universidad de Belgrano,Escuela de Posgrado en Negocios,Dirección: Zabala 1837 - Ciudad Autonoma de Buenos Aires - Ciudad Autonoma de Buenos Aires 
Universidad de Buenos Aires,Facultad de Arquitectura Diseño y Urbanismo,Dirección: Intendente Güiraldes 2160 - Ciudad Autonoma de Buenos Aires - Ciudad Autonoma de Buenos Aires 
Universidad de Buenos Aires,Facultad de Ciencias Exactas y Naturales,Dirección: Intendente Güiraldes 2160 - Ciudad Autonoma de Buenos Aires - Ciudad Autonoma de Buenos Aires 
Universidad de Buenos Aires,Facultad de Agronomía,Dirección: Av. San Martín 4453 - Ciudad Autonoma de Buenos Aires - Ciudad Autonoma de Buenos Aires 
Universidad de Buenos Aires,Facultad de Ciencias Veterinarias,Dirección: Chorroarín 280 - Ciudad Autonoma de Buenos Aires - Ciudad Autonoma de Buenos Aires 
Universidad de Buenos Aires,Facultad de Filosofía y Letras,Dirección: Puán 480 - Ciudad Autonoma de Buenos Aires - Ciudad Autonoma de Buenos Aires 
Universidad de Buenos Aires,Facultad de Derecho,Dirección: Av.Pte.F.Alcorta 2263 - Ciudad Autonoma de Buenos Aires - Ciudad Autonoma de Buenos Aires 
Universidad de Buenos Aires,Facultad de Psicología,Dirección: Hipólito Irigoyen 3238 - Ciudad Autonoma de Buenos Aires - Ciudad Autonoma de Buenos Aires 
Universidad de Buenos Aires,Rectorado,Dirección: Viamonte 430 - Ciudad Autonoma de Buenos Aires - Ciudad Autonoma de Buenos Aires 
Universidad de Buenos Aires,Facultad de Odontología,Dirección: MarceloT.de Alvear 2142 - Ciudad Autonoma de Buenos Aires - Ciudad Autonoma de Buenos Aires 
Universidad de Buenos Aires,Facultad de Farmacia y Bioquímica,Dirección: Junín 954 - Ciudad Autonoma de Buenos Aires - Ciudad Autonoma de Buenos Aires 
Universidad de Buenos Aires,Facultad de Medicina,Dirección: Paraguay 2155 - Ciudad Autonoma de Buenos Aires - Ciudad Autonoma de Buenos Aires 
Universidad de Buenos Aires,Facultad de Ciencias Económicas,Dirección: Av. Córdoba 2122 - Ciudad Autonoma de Buenos Aires - Ciudad Autonoma de Buenos Aires 
Universidad de Buenos Aires,Facultad de Ciencias Sociales,Dirección: Marcelo T. de Alvear 2230 - Ciudad Autonoma de Buenos Aires - Ciudad Autonoma de Buenos Aires 
Universidad de Buenos Aires,Facultad de Ingeniería,Dirección: Paseo Colón 850 - Ciudad Autonoma de Buenos Aires - Ciudad Autonoma de Buenos Aires 
Universidad de Ciencias Empresariales y Sociales,Departamento de Posgrados,Dirección: Paraguay 1338 - Ciudad Autonoma de Buenos Aires - Ciudad Autonoma de Buenos Aires 
Universidad de Ciencias Empresariales y Sociales,UCES San Isidro,Dirección: Chile 343 - San Isidro - Buenos Aires 
Universidad de Ciencias Empresariales y Sociales,UCES Olivos,Dirección: Roma 650 - Olivos - Buenos Aires 
Universidad de Ciencias Empresariales y Sociales,Sede Cañuelas,Dirección: Hipólito Yrigoyen 405 – Cañuelas - Buenos Aires 
Universidad de Ciencias Empresariales y Sociales,Facultad de Ciencias de la Comunicación,Dirección: Paraguay 1401 - Ciudad Autonoma de Buenos Aires - Ciudad Autonoma de Buenos Aires 
Universidad de Ciencias Empresariales y Sociales,Facultad de Ciencias de la Salud,Dirección: Paraguay 1401 - Ciudad Autonoma de Buenos Aires - Ciudad Autonoma de Buenos Aires 
Universidad de Ciencias Empresariales y Sociales,Facultad de Ciencias Económicas,Dirección: Paraguay 1401 - Ciudad Autonoma de Buenos Aires - Ciudad Autonoma de Buenos Aires 
Universidad de Ciencias Empresariales y Sociales,Facultad de Ciencias Empresariales,Dirección: Paraguay 1401 - Ciudad Autonoma de Buenos Aires - Ciudad Autonoma de Buenos Aires 
Universidad de Ciencias Empresariales y Sociales,Facultad de Ciencias Jurídicas y Políticas,Dirección: Paraguay 1401 - Ciudad Autonoma de Buenos Aires - Ciudad Autonoma de Buenos Aires 
Universidad de Ciencias Empresariales y Sociales,Facultad de Psicología y Ciencias Sociales,Dirección: Paraguay 1401 - Ciudad Autonoma de Buenos Aires - Ciudad Autonoma de Buenos Aires 
Universidad de Ciencias Empresariales y Sociales,Pilar,"Dirección: Av. Dr. Honorio Pueyrredón 463, Pilar – Buenos Aires"
Universidad de Flores,Facultad de Actividad Física y Deporte,Dirección: Pedernera 275 - Ciudad Autonoma de Buenos Aires - Ciudad Autonoma de Buenos Aires 
Universidad de Flores,Facultad de Administración,Dirección: Pedernera 275 - Ciudad Autonoma de Buenos Aires - Ciudad Autonoma de Buenos Aires 
Universidad de Flores,Facultad de Derecho,Dirección: Pedernera 275 - Ciudad Autonoma de Buenos Aires - Ciudad Autonoma de Buenos Aires 
Universidad de Flores,Facultad de Ingeniería,Dirección: Pedernera 275 - Ciudad Autonoma de Buenos Aires - Ciudad Autonoma de Buenos Aires 
Universidad de Flores,Facultad de Planeamiento,Dirección: Pedernera 275 - Ciudad Autonoma de Buenos Aires - Ciudad Autonoma de Buenos Aires 
Universidad de Flores,Facultad de Psicología y Ciencias Sociales,Dirección: Pedernera 275 - Ciudad Autonoma de Buenos Aires - Ciudad Autonoma de Buenos Aires 
Universidad de la Defensa Nacional,Facultad del Ejército,Dirección: Av Cabildo 65 - Ciudad Autonoma de Buenos Aires - Ciudad Autonoma de Buenos Aires 
Universidad de la Defensa Nacional,Facultad de la Armada,Dirección: Maipú 262 - Ciudad Autonoma de Buenos Aires - Ciudad Autonoma de Buenos Aires 
Universidad de la Defensa Nacional,Facultad de la Fuerza Aérea,Dirección: Maipú 262 - Ciudad Autonoma de Buenos Aires - Ciudad Autonoma de Buenos Aires 
Universidad de la Marina Mercante,"Facultad de Ciencias Jurídicas, Sociales y de la Comunicación",Dirección: Av. Rivadavia 2258 - Ciudad Autonoma de Buenos Aires - Ciudad Autonoma de Buenos Aires 
Universidad de la Marina Mercante,Facultad de Humanidades,Dirección: Av. Rivadavia 2258 - Ciudad Autonoma de Buenos Aires - Ciudad Autonoma de Buenos Aires 
Universidad de la Marina Mercante,Facultad de Administración y Economía,Dirección: Av. Rivadavia 2258 - Ciudad Autonoma de Buenos Aires - Ciudad Autonoma de Buenos Aires 
Universidad de la Marina Mercante,Facultad de Ingeniería,Dirección: Av. Rivadavia 2258 - Ciudad Autonoma de Buenos Aires - Ciudad Autonoma de Buenos Aires 
Universidad de Morón,"Facultad de Derecho, Ciencias Políticas y Sociales",Dirección: Machado 854 - Moron - Buenos Aires 
Universidad de Morón,Facultad de Medicina,Dirección: Machado 854 - Moron - Buenos Aires 
Universidad de Morón,Escuela Diocesana de Servicio Social,Dirección: Machado 854 - Moron - Buenos Aires 
Universidad de Morón,Facultad de Agronomía y Ciencias Agroalimentarias,Dirección: Machado 854 - Moron - Buenos Aires 
Universidad de Morón,"Facultad de Arquitectura, Diseño, Arte y Urbanismo",Dirección: Machado 854 - Moron - Buenos Aires 
Universidad de Morón,Facultad de Ciencias Aplicadas al Turismo y la Población,Dirección: Machado 854 - Moron - Buenos Aires 
Universidad de Morón,Facultad de Ciencias Económicas y Empresariales,Dirección: Machado 854 - Moron - Buenos Aires 
Universidad de Morón,"Facultad de Ciencias Exactas, Químicas y Naturales",Dirección: Machado 854 - Moron - Buenos Aires 
Universidad de Morón,"Facultad de Filosofía, Ciencias de la Educación y Humanidades",Dirección: Machado 854 - Moron - Buenos Aires 
Universidad de Morón,"Facultad de Informática, Ciencias de la Comunicación y Técnicas Especiales",Dirección: Machado 854 - Moron - Buenos Aires 
Universidad de Morón,Facultad de Ingeniería,Dirección: Cabildo 134 - Moron - Buenos Aires 
Universidad de Palermo,Facultad de Ciencias Sociales,Dirección: Mario Bravo 1259 - Ciudad Autonoma de Buenos Aires - Ciudad Autonoma de Buenos Aires 
Universidad de Palermo,Facultad de Derecho,Dirección: Mario Bravo 1050 - Ciudad Autonoma de Buenos Aires - Ciudad Autonoma de Buenos Aires 
Universidad de Palermo,Facultad de Diseño y Comunicación,Dirección: Mario Bravo 1050 - Ciudad Autonoma de Buenos Aires - Ciudad Autonoma de Buenos Aires 
Universidad de Palermo,Facultad de Ingeniería,Dirección: Mario Bravo 1050 - Ciudad Autonoma de Buenos Aires - Ciudad Autonoma de Buenos Aires 
Universidad de Palermo,Facultad de Arquitectura,Dirección: Mario Bravo 1050 - Ciudad Autonoma de Buenos Aires - Ciudad Autonoma de Buenos Aires 
Universidad de Palermo,Facultad de Ciencias Económicas,Dirección: Mario Bravo 1050 - Ciudad Autonoma de Buenos Aires - Ciudad Autonoma de Buenos Aires 
Universidad de San Andrés,Departamento de Ciencias Sociales,Dirección: Vito Dumas 284 - Victoria - Buenos Aires 
Universidad de San Andrés,Departamento de Derecho,Dirección: Vito Dumas 284 - Victoria - Buenos Aires 
Universidad de San Andrés,Departamento de Humanidades,Dirección: Vito Dumas 284 - Victoria - Buenos Aires 
Universidad de San Andrés,Departamento de Economia,Dirección: Vito Dumas 284 - Victoria - Buenos Aires 
Universidad de San Andrés,Escuela de Administración y Negocios,Dirección: Vito Dumas 284 - Victoria - Buenos Aires 
Universidad de San Andrés,Escuela de Educación,Dirección: Vito Dumas 284 - Victoria - Buenos Aires 
"Universidad de San Isidro ""Dr. Plácido Marín""",Facultad de Ciencias Humanas y Sociales,Dirección: Av. libertador 17175 - Beccar - Buenos Aires 
"Universidad de San Isidro ""Dr. Plácido Marín""",Facultad de Ciencias Jurídicas y de la Administración,Dirección: Av. libertador 17175 - Beccar - Buenos Aires 
Universidad del CEMA,Departamento de Ciencias Políticas y Relaciones Internacionales,Dirección: Córdoba 374 - Ciudad Autonoma de Buenos Aires - Ciudad Autonoma de Buenos Aires 
Universidad del CEMA,Departamento de Dirección de Empresas,Dirección: Córdoba 374 - Ciudad Autonoma de Buenos Aires - Ciudad Autonoma de Buenos Aires 
Universidad del CEMA,Departamento de Finanzas,Dirección: Córdoba 374 - Ciudad Autonoma de Buenos Aires - Ciudad Autonoma de Buenos Aires 
Universidad del CEMA,Secretaria Académica,Dirección: Córdoba 374 - Ciudad Autonoma de Buenos Aires - Ciudad Autonoma de Buenos Aires 
Universidad del CEMA,Departamento de Ingeniería,Dirección: Córdoba 374 - Ciudad Autonoma de Buenos Aires - Ciudad Autonoma de Buenos Aires 
Universidad del Cine,Facultad de Ciencias de la Comunicación,Dirección: Pasaje J M Giuffra 330 - Ciudad Autonoma de Buenos Aires - Ciudad Autonoma de Buenos Aires 
Universidad del Cine,Facultad de Cinematografía,Dirección: Pasaje J M Giuffra 330 - Ciudad Autonoma de Buenos Aires - Ciudad Autonoma de Buenos Aires 
Universidad del Este,Facultad de Ciencias Económicas,Dirección: Diagonal 80 723 - La Plata - Buenos Aires 
Universidad del Este,Facultad de Ciencias Humanas,Dirección: Diagonal 80 723 - La Plata - Buenos Aires 
Universidad del Este,Facultad de Derecho y Ciencias Sociales,Dirección: Diagonal 80 723 - La Plata - Buenos Aires 
Universidad del Este,Facultad de Diseño y Comunicación,Dirección: Diagonal 80 723 - La Plata - Buenos Aires 
Universidad del Museo Social Argentino,Departamento de Posgrado,Dirección: Av. Corrientes 1723 - Ciudad Autonoma de Buenos Aires - Ciudad Autonoma de Buenos Aires 
Universidad del Museo Social Argentino,Facultad de Artes,Dirección: Sarmiento 1565 - Ciudad Autonoma de Buenos Aires - Ciudad Autonoma de Buenos Aires 
Universidad del Museo Social Argentino,Facultad de Ciencias Económicas,Dirección: Av. Corrientes 1723 - Ciudad Autonoma de Buenos Aires - Ciudad Autonoma de Buenos Aires 
Universidad del Museo Social Argentino,Facultad de Ciencias Humanas,Dirección: Av. Corrientes 1723 - Ciudad Autonoma de Buenos Aires - Ciudad Autonoma de Buenos Aires 
Universidad del Museo Social Argentino,Facultad de Ciencias Jurídicas y Sociales,Dirección: Av. Corrientes 1723 - Ciudad Autonoma de Buenos Aires - Ciudad Autonoma de Buenos Aires 
Universidad del Museo Social Argentino,Facultad de Lenguas Modernas,Dirección: Av. Corrientes 1723 - Ciudad Autonoma de Buenos Aires - Ciudad Autonoma de Buenos Aires 
Universidad del Norte Santo Tomás de Aquino,Centro de Estudios de Filosofia y Teologia de la Orden de Predicadores,Dirección: Pasaje 5 de Julio 489 - Ciudad Autonoma de Buenos Aires - Ciudad Autonoma de Buenos Aires 
Universidad del Salvador,Facultad de Ciencias Jurídicas,Dirección: Av. Callao 660 - Ciudad Autonoma de Buenos Aires - Ciudad Autonoma de Buenos Aires 
Universidad del Salvador,Facultad de Psicología y Psicopedagogía,Dirección: Marcelo T. de Alvear 1335 - Ciudad Autonoma de Buenos Aires - Ciudad Autonoma de Buenos Aires 
Universidad del Salvador,Instituto de Prevención de la Drogadependencia,Dirección: Hipólito Yrigoyen 2441 - Ciudad Autonoma de Buenos Aires - Ciudad Autonoma de Buenos Aires 
Universidad del Salvador,"Facultad de Historia, Geografía y Turismo",Dirección: Viamonte 2213 - Ciudad Autonoma de Buenos Aires - Ciudad Autonoma de Buenos Aires 
Universidad del Salvador,Facultad de Ciencias de la Educación y de la Comunicación Social,Dirección: Av. Callao 835 - Ciudad Autonoma de Buenos Aires - Ciudad Autonoma de Buenos Aires 
Universidad del Salvador,Facultad de Medicina,Dirección: Tucumán 1845 - Ciudad Autonoma de Buenos Aires - Ciudad Autonoma de Buenos Aires 
Universidad del Salvador,Facultad de Ciencias Económicas y Empresariales,Dirección: Viamonte 1816 - Ciudad Autonoma de Buenos Aires - Ciudad Autonoma de Buenos Aires 
Universidad del Salvador,Complejo Educativo Nuestra Señora del Pilar,Dirección: Champagnat 1599 - Pilar - Buenos Aires 
Universidad del Salvador,Escuela de Lenguas Modernas,Dirección: Lavalle 1878 - Ciudad Autonoma de Buenos Aires - Ciudad Autonoma de Buenos Aires 
Universidad del Salvador,"Facultad de Filosofía, Letras y Estudios Orientales",Dirección: Lavalle 1878 - Ciudad Autonoma de Buenos Aires - Ciudad Autonoma de Buenos Aires 
Universidad del Salvador,Escuela de Diseño,Dirección: Rodriguez Peña 670 - Ciudad Autonoma de Buenos Aires - Ciudad Autonoma de Buenos Aires 
Universidad del Salvador,Escuela de Estudios Orientales,Dirección: Rodriguez Peña 670 - Ciudad Autonoma de Buenos Aires - Ciudad Autonoma de Buenos Aires 
Universidad del Salvador,Facultad de Ciencias Sociales,"Direccion: Pres. Tte. Gral. Juan Domingo Perón 1818, Ciudad Autonoma de Buenos Aires - Ciudad Autonoma de Buenos Aires "
Universidad del Salvador,Escuela de Arte y Arquitectura,Dirección: Hipólito Yrigoyen 2441 - Ciudad Autonoma de Buenos Aires - Ciudad Autonoma de Buenos Aires 
Universidad del Salvador,Facultad de Ingeniería,Dirección: Lavalle 1878 - Ciudad Autonoma de Buenos Aires - Ciudad Autonoma de Buenos Aires 
Universidad Favaloro,Facultad de Ingeniería y Ciencias Exactas y Naturales,Dirección: Juan Domingo Perón 3175 - Ciudad Autonoma de Buenos Aires - Ciudad Autonoma de Buenos Aires 
Universidad Favaloro,Facultad de Ciencias Humanas y de la Conducta,Dirección: Entre Ríos 495 - Ciudad Autonoma de Buenos Aires - Ciudad Autonoma de Buenos Aires 
Universidad Favaloro,Facultad de Ciencias Médicas,Dirección: Solís 453 - Ciudad Autonoma de Buenos Aires - Ciudad Autonoma de Buenos Aires 
Universidad Favaloro,Rectorado,Dirección: Solís 453 - Ciudad Autonoma de Buenos Aires - Ciudad Autonoma de Buenos Aires 
Universidad ISALUD,Universidad ISALUD - Área Académica,Dirección: Venezuela 925/31 - Ciudad Autonoma de Buenos Aires - Ciudad Autonoma de Buenos Aires 
Universidad Maimónides,Facultad de Ciencias de la Salud,Dirección: Hidalgo 775 - Ciudad Autonoma de Buenos Aires - Ciudad Autonoma de Buenos Aires 
Universidad Maimónides,"Facultad de Humanidades, Ciencias Sociales y Empresariales",Dirección: Hidalgo 775 - Ciudad Autonoma de Buenos Aires - Ciudad Autonoma de Buenos Aires 
Universidad Maimónides,Escuela de Comunicación Multimedial,Dirección: Hidalgo 775 - Ciudad Autonoma de Buenos Aires - Ciudad Autonoma de Buenos Aires 
Universidad Metropolitana para la Educación y el Trabajo,Facultad de Cultura y Comunicación,Dirección: Sarmiento 2037 - Ciudad Autonoma de Buenos Aires - Ciudad Autonoma de Buenos Aires 
Universidad Metropolitana para la Educación y el Trabajo,FACULTAD DE DESARROLLO Y GESTIÓN DE LAS ORGANIZACIONES,Dirección: Sarmiento 2037 - Ciudad Autonoma de Buenos Aires - Ciudad Autonoma de Buenos Aires 
Universidad Metropolitana para la Educación y el Trabajo,Facultad de Pedagogía,Dirección: Sarmiento 2037 - Ciudad Autonoma de Buenos Aires - Ciudad Autonoma de Buenos Aires 
Universidad Metropolitana para la Educación y el Trabajo,Facultad de Políticas Públicas y Gestión Ambiental,Dirección: Sarmiento 2037 - Ciudad Autonoma de Buenos Aires - Ciudad Autonoma de Buenos Aires 
Universidad Metropolitana para la Educación y el Trabajo,FACULTAD DE TECNOLOGÍA APLICADA,Dirección: Sarmiento 2037 - Ciudad Autonoma de Buenos Aires - Ciudad Autonoma de Buenos Aires 
Universidad Metropolitana para la Educación y el Trabajo,"FACULTAD DE TURISMO, EDUCACIÓN FÍSICA Y DEPORTES",Dirección: Sarmiento 2037 - Ciudad Autonoma de Buenos Aires - Ciudad Autonoma de Buenos Aires 
Universidad Nacional Arturo Jauretche,Instituto de Ciencias de la Salud,Dirección: Av San Martín 2002 - Florencio Varela - Buenos Aires 
Universidad Nacional Arturo Jauretche,Instituto de Ciencias Sociales y Administración,Dirección: Av San Martín 2002 - Florencio Varela - Buenos Aires 
Universidad Nacional Arturo Jauretche,Instituto de Ingeniería y Agronomía,Dirección: Av San Martín 2002 - Florencio Varela - Buenos Aires 
Universidad Nacional de Avellaneda,Departamento de Ambiente y Turismo,Dirección: España 350 - Avellaneda - Buenos Aires 
Universidad Nacional de Avellaneda,Departamento de Humanidades y Artes,Dirección: España 350 - Avellaneda - Buenos Aires 
Universidad Nacional de Avellaneda,Departamento de Salud y Actividad Física,Dirección: España 350 - Avellaneda - Buenos Aires 
Universidad Nacional de Avellaneda,"Departamento de Arquitectura, Diseño y Urbanismo",Dirección: España 350 - Avellaneda - Buenos Aires 
Universidad Nacional de Avellaneda,Departamento de Ciencias Sociales,Dirección: España 350 - Avellaneda - Buenos Aires 
Universidad Nacional de Avellaneda,Departamento de Tecnología y Administración,Dirección: España 350 - Avellaneda - Buenos Aires 
Universidad Nacional de General Sarmiento,Instituto de Ciencias,Dirección: Juan María Gutierrez 1150 1150 - Los Polvorines - Buenos Aires 
Universidad Nacional de General Sarmiento,Instituto de Industria,Dirección: Juan María Gutierrez 1150 - Los Polvorines - Buenos Aires 
Universidad Nacional de General Sarmiento,Instituto del Conurbano,Dirección: Juan María Gutierrez 1150 - Los Polvorines - Buenos Aires 
Universidad Nacional de General Sarmiento,Instituto del Desarrollo Humano,Dirección: Juan María Gutierrez 1150 - Los Polvorines - Buenos Aires 
Universidad Nacional de Hurlingham,Instituto de Biotecnología,"Dirección: Tte. Origone 151, Hurlingham, Buenos Aires"
Universidad Nacional de Hurlingham,Instituto de Educación,"Dirección: Tte. Origone 151, Hurlingham, Buenos Aires"
Universidad Nacional de Hurlingham,Instituto de Salud Comunitaria,"Dirección: Tte. Origone 151, Hurlingham, Buenos Aires"
Universidad Nacional de Hurlingham,Instituto de Tecnología e Ingeniería,"Dirección: Tte. Origone 151, Hurlingham, Buenos Aires"
Universidad Nacional de La Matanza,Departamento de Ciencias de la Salud,Dirección: F.Varela 1903 - Villa Luzuriaga - Buenos Aires 
Universidad Nacional de La Matanza,Departamento de Ciencias Económicas,Dirección: F.Varela 1903 - Villa Luzuriaga - Buenos Aires 
Universidad Nacional de La Matanza,Departamento de Derecho y Ciencia Política,Dirección: F.Varela 1903 - Villa Luzuriaga - Buenos Aires 
Universidad Nacional de La Matanza,Departamento de Humanidades y Ciencias Sociales,Dirección: F.Varela 1903 - Villa Luzuriaga - Buenos Aires 
Universidad Nacional de La Matanza,Departamento de Ingeniería e Investigaciones Tecnológicas,Dirección: F.Varela 1903 - Villa Luzuriaga - Buenos Aires 
Universidad Nacional de La Matanza,Escuela de Formación Continua,Dirección: F.Varela 1903 - Villa Luzuriaga - Buenos Aires 
Universidad Nacional de La Matanza,Escuela de Postgrado,Dirección: F.Varela 1903 - Villa Luzuriaga - Buenos Aires 
Universidad Nacional de La Plata,Facultad de Ciencias Naturales y Museo,Dirección: 60 y 122 - - La Plata - Buenos Aires 
Universidad Nacional de La Plata,Facultad de Psicología,Dirección: 51 entre 123 y 124 - - Ensenada - Buenos Aires 
Universidad Nacional de La Plata,Facultad de Informática,Dirección: calle 50 esq 120 - - La Plata - Buenos Aires 
Universidad Nacional de La Plata,Facultad de Ingeniería,Dirección: 1 y 47 - - La Plata - Buenos Aires 
Universidad Nacional de La Plata,Facultad de Ciencias Exactas,Dirección: 115 y 47 - - La Plata - Buenos Aires 
Universidad Nacional de La Plata,Facultad de Odontología,Dirección: 1 y 50 - - La Plata - Buenos Aires 
Universidad Nacional de La Plata,Facultad de Ciencias Jurídicas y Sociales,Dirección: 48 e/ 6 y 7 - - La Plata - Buenos Aires 
Universidad Nacional de La Plata,Facultad de Ciencias Económicas,Dirección: 6 Nro 777 - La Plata - Buenos Aires 
Universidad Nacional de La Plata,Facultad de Ciencias Médicas,Dirección: 60 y 118 - - La Plata - Buenos Aires 
Universidad Nacional de La Plata,Facultad de Ciencias Veterinarias,Dirección: 60 y 118 - - La Plata - Buenos Aires 
Universidad Nacional de La Plata,Facultad de Trabajo Social,Dirección: Calle 9 esq. 63 - - La Plata - Buenos Aires 
Universidad Nacional de La Plata,Facultad de Arquitectura y Urbanismo,Dirección: Calle 47 (esq 117) 162 - La Plata - Buenos Aires 
Universidad Nacional de La Plata,Escuela Universitaria de Recursos Humanos del Equipo de Salud,Dirección: Calle 12 y 161 Piso 3 - Berisso - Buenos Aires 
Universidad Nacional de La Plata,Facultad de Bellas Artes,"Dirección: Diagonal 78 680, La Plata, Buenos Aires"
Universidad Nacional de La Plata,Facultad de Ciencias Agrarias y Forestales,"Direccion: 60, Casco Urbano, La Plata, Buenos Aires"
Universidad Nacional de La Plata,Facultad de Ciencias Astronómicas y Geofísicas,"Direccion: Paseo del Bosque s/n, FWA, B1900 La Plata, Pcia de Buenos Aires"
Universidad Nacional de La Plata,Facultad de Humanidades y Ciencias de la Educación,Dirección: 51 entre 123 y 124 - - Ensenada - Buenos Aires 
Universidad Nacional de La Plata,Facultad de Informática e Ingeniería,Dirección: calle 50 esq 120 - - La Plata - Buenos Aires 
Universidad Nacional de La Plata,Facultad de Periodismo y Comunicación Social,"Direccion: Diagonal 113 291, Casco Urbano, B1900 La Plata, Pcia de Buenos Aires, Argentina"
Universidad Nacional de Lanús,Departamento de Desarrollo Productivo y Tecnológico,Dirección: 29 de Septiembre 3901 - Remedios de Escalada - Buenos Aires 
Universidad Nacional de Lanús,Departamento de Humanidades y Artes,Dirección: 29 de Septiembre 3901 - Remedios de Escalada - Buenos Aires 
Universidad Nacional de Lanús,Departamento de Planificación y Políticas Públicas,Dirección: 29 de Septiembre 3901 - Remedios de Escalada - Buenos Aires 
Universidad Nacional de Lanús,Departamento de Salud Comunitaria,Dirección: 29 de Septiembre 3901 - Remedios de Escalada - Buenos Aires 
Universidad Nacional de Lanús,Rectorado,Dirección: 29 de Septiembre 3901 - Remedios de Escalada - Buenos Aires 
Universidad Nacional de Lanús,Vicerrectorado,Dirección: 29 de Septiembre 3901 - Remedios de Escalada - Buenos Aires 
Universidad Nacional de las Artes,Área Transdepartamental de Artes Multimediales,Dirección: Av. Don Pedro de Mendoza 679 - Ciudad Autonoma de Buenos Aires - Ciudad Autonoma de Buenos Aires 
Universidad Nacional de las Artes,Departamento de Artes Dramáticas,Dirección: French 3614 - Ciudad Autonoma de Buenos Aires - Ciudad Autonoma de Buenos Aires 
Universidad Nacional de las Artes,Departamento de Artes Audiovisuales,Dirección: Rocamora 4141 - Ciudad Autonoma de Buenos Aires - Ciudad Autonoma de Buenos Aires 
Universidad Nacional de las Artes,Departamento de Artes del Movimiento,Dirección: Sanchez de Loria 443 - Ciudad Autonoma de Buenos Aires - Ciudad Autonoma de Buenos Aires 
Universidad Nacional de las Artes,Área Transdepartamental de Crítica de Artes,Dirección: Bartolomé Mitre 1869 - Ciudad Autonoma de Buenos Aires - Ciudad Autonoma de Buenos Aires 
Universidad Nacional de las Artes,Departamento de Artes Visuales,Dirección: Bartolomé Mitre 1869 - Ciudad Autonoma de Buenos Aires - Ciudad Autonoma de Buenos Aires 
Universidad Nacional de las Artes,Área transdepartamental de Formación Docente,Dirección: Bolívar 1674 - Ciudad Autonoma de Buenos Aires - Ciudad Autonoma de Buenos Aires 
Universidad Nacional de las Artes,Departamento de Artes Musicales y Sonoras,Dirección: Avda Cordoba 2445 - Ciudad Autonoma de Buenos Aires - Ciudad Autonoma de Buenos Aires 
Universidad Nacional de las Artes,Área transdepartamental de Folklore,Dirección: Sanchez de Loria 443 - Ciudad Autonoma de Buenos Aires - Ciudad Autonoma de Buenos Aires 
Universidad Nacional de Luján,Delegación Académica Capital Federal,Dirección: Ecuador 873 - Ciudad Autonoma de Buenos Aires - Ciudad Autonoma de Buenos Aires 
Universidad Nacional de Luján,Centro Regional San Miguel,Dirección: Farias 1590 - San Miguel - Buenos Aires 
Universidad Nacional de Luján,Delegación Académica San Fernando,Dirección: Av. del Libertador 1700 - San Fernando - Buenos Aires 
Universidad Nacional de Luján,Centro Regional Campana,"Direccion: Vicente López, Bertolini y, B2804 Campana, Provincia de Buenos Aires, Argentina"
Universidad Nacional de Luján,Rectorado Sede Central,"Direccion: Avenida Constitución, Ruta 5, B6702 Gran Buenos Aires, Pcia de Buenos Aires, Argentina"
Universidad Nacional de Moreno,Departamento de Ciencias Aplicadas y Tecnologías,Dirección: Av. Bartolomé Mitre 1891 - Moreno - Buenos Aires 
Universidad Nacional de Moreno,Departamento de Economía y Administración,Dirección: Av. Bartolomé Mitre 1891 - Moreno - Buenos Aires 
Universidad Nacional de Moreno,Departamento de Humanidades y Ciencias Sociales,Dirección: Av. Bartolomé Mitre 1891 - Moreno - Buenos Aires 
Universidad Nacional de Quilmes,Departamento de Ciencias Sociales,Dirección: Roque Sáenz Peña 352 - Bernal - Buenos Aires 
Universidad Nacional de Quilmes,Departamento de Ciencia y Tecnología,Dirección: Roque Sáenz Peña 352 - Bernal - Buenos Aires 
Universidad Nacional de Quilmes,Departamento de Economía y Administración,Dirección: Roque Sáenz Peña 352 - Bernal - Buenos Aires 
Universidad Nacional de Quilmes,Secretaria de Posgrado,Dirección: Roque Saenz Peña 352 - Bernal - Buenos Aires 
Universidad Nacional de San Martín,Escuela de Economía y Negocios - San Martín,Dirección: Caseros 2253 - Barrio Gral. San Martin - Buenos Aires 
Universidad Nacional de San Martín,Instituto de Investigación e Ingeniería Ambiental,Dirección: Belgrano 3563 - Barrio Gral. San Martin - Buenos Aires 
Universidad Nacional de San Martín,Escuela de Ciencia y Tecnología,Dirección: Irigoyen 3100 – San Martin - Buenos Aires 
Universidad Nacional de San Martín,Escuela de Humanidades - Migueletes,Dirección: Irigoyen 3100 – San Martin - Buenos Aires 
Universidad Nacional de San Martín,Escuela de Política y Gobierno,Dirección: Irigoyen 3100 – San Martin - Buenos Aires 
Universidad Nacional de San Martín,Instituto de Altos Estudios Sociales,Dirección: Irigoyen 3100 – San Martin - Buenos Aires 
Universidad Nacional de San Martín,Instituto de Investigaciones Biotecnológicas,Dirección: Avda. Gral Paz 5445 - Barrio Gral. San Martin - Buenos Aires 
Universidad Nacional de San Martín,Instituto de la Calidad Industrial,Dirección: Avda. Gral Paz 5445 - Barrio Gral. San Martin - Buenos Aires 
Universidad Nacional de San Martín,Instituto de Tecnología Nuclear Dan Beninson,Dirección: Avda. Gral Paz 1499 - Barrio Gral. San Martin - Buenos Aires 
Universidad Nacional de San Martín,Instituto de Tecnología Prof. Jorge Sábato,Dirección: Avda. Gral Paz 1499 - Barrio Gral. San Martin - Buenos Aires 
Universidad Nacional de San Martín,Instituto de Investigaciones sobre el Patrimonio Cultural,Dirección: Benito Quinquela Martín 1784 - Ciudad Autonoma de Buenos Aires - Ciudad Autonoma de Buenos Aires 
Universidad Nacional de San Martín,Instituto de Ciencias de la Rehabilitación y el Movimiento,Dirección: Dragones 2201 - Ciudad Autonoma de Buenos Aires - Ciudad Autonoma de Buenos Aires 
Universidad Nacional de San Martín,Escuela de Humanidades - Centro,Dirección: Av. Roque Sáenz Peña 832 - Ciudad Autonoma de Buenos Aires - Ciudad Autonoma de Buenos Aires 
Universidad Nacional de San Martín,Escuela de Economía y Negocios - San Isidro,Dirección: Caseros 2241 - San Isidro - Buenos Aires 
Universidad Nacional de San Martín,Instituto de Arquitectura y Urbanismo,Dirección: Irigoyen 3100 – San Martin - Buenos Aires 
Universidad Nacional de San Martín,Instituto de Artes Mauricio Kagel,Dirección: Irigoyen 3100 – San Martin - Buenos Aires 
Universidad Nacional de San Martín,Instituto del Transporte,Dirección: Irigoyen 3100 – San Martin - Buenos Aires 
Universidad Nacional de San Martín,Unidad Interdisciplinaria de Salud,Dirección: Irigoyen 3100 – San Martin - Buenos Aires 
Universidad Nacional de San Martín,Instituto de Estudios en Ciencias Jurídicas,Dirección: Irigoyen 3100 – San Martin - Buenos Aires 
Universidad Nacional de Tres de Febrero,Dirección Académica de Postgrados,Dirección: Viamonte 525 - Ciudad Autonoma de Buenos Aires - Ciudad Autonoma de Buenos Aires 
Universidad Nacional de Tres de Febrero,Secretaría Académica,"Dirección: Valentín Gómez 4828/38, Caseros, Pcia de Buenos Aires, Argentina"
Universidad Nacional del Oeste,Escuela de Humanidades,Dirección: Centenario 1399 - Merlo - Buenos Aires 
Universidad Nacional del Oeste,Escuela de Ciencias de la Salud,Dirección: Córdoba 1055 - Merlo - Buenos Aires 
Universidad Nacional del Oeste,Escuela de informática,Dirección: Córdoba 1055 - Merlo - Buenos Aires 
Universidad Nacional del Oeste,Escuela de Ingeniería,Dirección: Córdoba 1055 - Merlo - Buenos Aires 
Universidad Nacional del Oeste,Escuela de Administración,Dirección: Centenario 1399 - Merlo - Buenos Aires 
Universidad Nacional José C. Paz,Departamento de Ciencias de la Salud y el Deporte,Dirección: Leandro N. Alem 4731 - Jose Clemente Paz - Buenos Aires 
Universidad Nacional José C. Paz,Departamento de Ciencias Jurídicas y Sociales,Dirección: Leandro N. Alem 4731 - Jose Clemente Paz - Buenos Aires 
Universidad Nacional José C. Paz,"Departamento de Economía, Producción e Innovación Tecnológica",Dirección: Leandro N. Alem 4731 - Jose Clemente Paz - Buenos Aires 
Universidad Notarial Argentina,Universidad Notarial Argentina,Dirección: Calle 51 435 - La Plata - Buenos Aires 
Universidad Provincial de Ezeiza,Departamento de Desarrollo Aeroportuario,Dirección: Alfonsina Storni 41 - Ezeiza - Buenos Aires 
Universidad Provincial de Ezeiza,Departamento de Desarrollo Humano y Organizacional,Dirección: Alfonsina Storni 41 - Ezeiza - Buenos Aires 
Universidad Provincial de Ezeiza,Departamento de Desarrollo Tecnológico,Dirección: Alfonsina Storni 41 - Ezeiza - Buenos Aires 
Universidad Tecnológica Nacional,Facultad Regional Delta,Dirección: San Martín 1171 - Campana - Buenos Aires 
Universidad Tecnológica Nacional,Facultad Regional General Pacheco,Dirección: Hipólito Yrigoyen 288 - Gral. Pacheco - Buenos Aires 
Universidad Tecnológica Nacional,Facultad Regional Haedo,Dirección: París 532 - Haedo - Buenos Aires 
Universidad Tecnológica Nacional,Facultad Regional Avellaneda,Dirección: Ramón Franco 5050 - Villa Dominico - Buenos Aires 
Universidad Tecnológica Nacional,Facultad Regional Buenos Aires,Dirección: Medrano 951 - Ciudad Autonoma de Buenos Aires - Ciudad Autonoma de Buenos Aires 
Universidad Torcuato Di Tella,Departamento de Ciencia Política y Estudios Internacionales,Dirección: Av. Figueroa Alcorta 7350 - Ciudad Autonoma de Buenos Aires - Ciudad Autonoma de Buenos Aires 
Universidad Torcuato Di Tella,Departamento de Economía,Dirección: Av. Figueroa Alcorta 7350 - Ciudad Autonoma de Buenos Aires - Ciudad Autonoma de Buenos Aires 
Universidad Torcuato Di Tella,Departamento de Historia,Dirección: Av. Figueroa Alcorta 7350 - Ciudad Autonoma de Buenos Aires - Ciudad Autonoma de Buenos Aires 
Universidad Torcuato Di Tella,Escuela de Arquitectura y Estudios Urbanos,Dirección: Av. Figueroa Alcorta 7350 - Ciudad Autonoma de Buenos Aires - Ciudad Autonoma de Buenos Aires 
Universidad Torcuato Di Tella,Escuela de Derecho,Dirección: Av. Figueroa Alcorta 7350 - Ciudad Autonoma de Buenos Aires - Ciudad Autonoma de Buenos Aires 
Universidad Torcuato Di Tella,Escuela de Gobierno,Dirección: Av. Figueroa Alcorta 7350 - Ciudad Autonoma de Buenos Aires - Ciudad Autonoma de Buenos Aires 
Universidad Torcuato Di Tella,Escuela de Negocios,Dirección: Av. Figueroa Alcorta 7350 - Ciudad Autonoma de Buenos Aires - Ciudad Autonoma de Buenos Aires 
